scientificName,decimalLatitude,decimalLongitude
Mahonia japonica (Thunb.) DC.,25.083468,121.877359
Mahonia japonica (Thunb.) DC.,25.09831,121.871229
Mahonia japonica (Thunb.) DC.,25.092384,121.865586
Mahonia japonica (Thunb.) DC.,25.096667,121.863056
Mahonia japonica (Thunb.) DC.,25.097968,121.852241
Mahonia japonica (Thunb.) DC.,25.080884,121.840257
Mahonia japonica (Thunb.) DC.,24.890968,121.785432
Mahonia japonica (Thunb.) DC.,25.066667,121.766667
Mahonia japonica (Thunb.) DC.,24.99,121.68
Mahonia japonica (Thunb.) DC.,24.993333,121.666389
Mahonia japonica (Thunb.) DC.,25,121.65
Mahonia fortunei (Lindl.) Fedde,29.98515,121.627783
Mahonia japonica (Thunb.) DC.,25.14,121.6
Mahonia japonica (Thunb.) DC.,24.783333,121.6
Mahonia japonica (Thunb.) DC.,24.756389,121.594722
Mahonia oiwakensis Hayata,24.756389,121.594722
Mahonia oiwakensis Hayata,24.756389,121.594722
Berberis bealei Fortune,25.156906,121.591438
Berberis fortunei Lindl.,25.147336,121.579811
Mahonia japonica (Thunb.) DC.,24.849167,121.573889
Berberis fortunei Lindl.,25.175826,121.571106
Mahonia japonica (Thunb.) DC.,24.266667,121.566667
Mahonia oiwakensis Hayata,24.266667,121.566667
Mahonia oiwakensis Hayata,24.266667,121.566667
Mahonia japonica (Thunb.) DC.,25.187222,121.563333
Mahonia tikushiensis Hayata,24.849722,121.561111
Mahonia tikushiensis Hayata,24.849722,121.561111
Berberis bealei Fortune,25.153747,121.5608
Mahonia japonica (Thunb.) DC.,25.091075,121.559835
Mahonia fortunei (Lindl.) Fedde,25.091075,121.559835
Berberis fortunei Lindl.,25.136536,121.546018
Mahonia tikushiensis Hayata,25.184167,121.545278
Mahonia tikushiensis Hayata,25.184167,121.545278
Mahonia japonica (Thunb.) DC.,25.136944,121.543333
Mahonia lomariifolia Takeda,25.136944,121.543333
Mahonia lomariifolia Takeda,25.136944,121.543333
Mahonia lomariifolia Takeda,25.136944,121.543333
Berberis fortunei Lindl.,25.17745,121.536321
Berberis fortunei Lindl.,25.185814,121.535004
Berberis fortunei Lindl.,25.1725,121.534508
Mahonia japonica (Thunb.) DC.,25.183333,121.533333
Mahonia japonica (Thunb.) DC.,25.166667,121.533333
Mahonia japonica (Thunb.) DC.,25.169167,121.531667
Berberis fortunei Lindl.,25.171013,121.530205
Mahonia japonica (Thunb.) DC.,25.173889,121.528056
Mahonia fortunei (Lindl.) Fedde,25.013611,121.528056
Mahonia japonica (Thunb.) DC.,24.489722,121.528056
Mahonia japonica (Thunb.) DC.,25.172778,121.525833
Mahonia japonica (Thunb.) DC.,24.498611,121.525556
Mahonia japonica (Thunb.) DC.,25.177222,121.525
Mahonia japonica (Thunb.) DC.,25.016111,121.521667
Berberis fortunei Lindl.,25.178208,121.521194
Mahonia japonica (Thunb.) DC.,25.19,121.52
Berberis fortunei Lindl.,25.183803,121.515558
Mahonia fortunei (Lindl.) Fedde,25.046111,121.511944
Mahonia morrisonensis Takeda,25.046111,121.511944
Mahonia morrisonensis Takeda,25.046111,121.511944
Mahonia japonica (Thunb.) DC.,25.191667,121.508333
Mahonia japonica (Thunb.) DC.,25.027222,121.505556
Mahonia fortunei (Lindl.) Fedde,25.027222,121.505556
Mahonia japonica (Thunb.) DC.,25.2,121.5
Mahonia japonica (Thunb.) DC.,25.128333,121.495
Mahonia japonica (Thunb.) DC.,24.411944,121.443611
Mahonia oiwakensis Hayata,24.411944,121.443611
Mahonia oiwakensis Hayata,24.411944,121.443611
Mahonia japonica (Thunb.) DC.,24.361667,121.443333
Mahonia oiwakensis Hayata,24.361667,121.443333
Mahonia oiwakensis Hayata,24.361667,121.443333
Mahonia japonica (Thunb.) DC.,24.376667,121.414444
Mahonia japonica (Thunb.) DC.,24.175994,121.392044
Mahonia japonica (Thunb.) DC.,24.58,121.39
Mahonia japonica (Thunb.) DC.,24.175374,121.387259
Mahonia oiwakensis Hayata,24.4075,121.378611
Mahonia oiwakensis Hayata,24.4075,121.378611
Mahonia oiwakensis Hayata,24.366667,121.366667
Mahonia oiwakensis Hayata,24.366667,121.366667
Berberis oiwakensis (Hayata) Laferr.,24.367295,121.36592
Berberis oiwakensis (Hayata) Laferr.,24.367295,121.36592
Berberis fortunei Lindl.,24.367022,121.365478
Berberis oiwakensis (Hayata) Laferr.,24.27803,121.36185
Berberis oiwakensis (Hayata) Laferr.,24.27803,121.36185
Mahonia oiwakensis Hayata,24.39,121.36
Mahonia oiwakensis Hayata,24.39,121.36
Berberis oiwakensis (Hayata) Laferr.,24.387192,121.356857
Berberis oiwakensis (Hayata) Laferr.,24.387192,121.356857
Berberis oiwakensis (Hayata) Laferr.,24.202797,121.349488
Berberis oiwakensis (Hayata) Laferr.,24.202797,121.349488
Mahonia oiwakensis Hayata,24.185424,121.337642
Mahonia oiwakensis Hayata,24.185424,121.337642
Berberis oiwakensis (Hayata) Laferr.,24.405663,121.333428
Berberis oiwakensis (Hayata) Laferr.,24.405663,121.333428
Mahonia oiwakensis Hayata,24.188199,121.332541
Mahonia oiwakensis Hayata,24.188199,121.332541
Berberis oiwakensis (Hayata) Laferr.,24.202899,121.330573
Berberis oiwakensis (Hayata) Laferr.,24.202899,121.330573
Berberis oiwakensis (Hayata) Laferr.,24.257694,121.329017
Berberis oiwakensis (Hayata) Laferr.,24.257694,121.329017
Berberis oiwakensis (Hayata) Laferr.,24.37021,121.322623
Berberis oiwakensis (Hayata) Laferr.,24.37021,121.322623
Berberis oiwakensis (Hayata) Laferr.,24.115747,121.321835
Berberis oiwakensis (Hayata) Laferr.,24.115747,121.321835
Berberis oiwakensis (Hayata) Laferr.,24.347683,121.318641
Berberis oiwakensis (Hayata) Laferr.,24.347683,121.318641
Mahonia oiwakensis Hayata,24.18,121.31
Mahonia oiwakensis Hayata,24.18,121.31
Mahonia oiwakensis Hayata,24.175278,121.307222
Mahonia oiwakensis Hayata,24.175278,121.307222
Mahonia tikushiensis Hayata,24.179167,121.302778
Mahonia tikushiensis Hayata,24.179167,121.302778
Mahonia japonica (Thunb.) DC.,24.221111,121.3025
Mahonia oiwakensis Hayata,24.221111,121.3025
Mahonia oiwakensis Hayata,24.221111,121.3025
Mahonia oiwakensis Hayata,24.3525,121.301944
Mahonia oiwakensis Hayata,24.3525,121.301944
Mahonia oiwakensis Hayata,24.175278,121.300556
Mahonia oiwakensis Hayata,24.175278,121.300556
Mahonia japonica (Thunb.) DC.,24.03,121.3
Mahonia japonica (Thunb.) DC.,24.18,121.29
Mahonia fortunei (Lindl.) Fedde,24.311944,121.284722
Mahonia oiwakensis Hayata,24.216667,121.283333
Mahonia oiwakensis Hayata,24.216667,121.283333
Mahonia japonica (Thunb.) DC.,24.06,121.27
Mahonia japonica (Thunb.) DC.,24.49129,121.266773
Berberis oiwakensis (Hayata) Laferr.,23.883703,121.251822
Berberis oiwakensis (Hayata) Laferr.,23.883703,121.251822
Mahonia oiwakensis Hayata,24.240833,121.248611
Mahonia oiwakensis Hayata,24.240833,121.248611
Mahonia japonica (Thunb.) DC.,24.12,121.24
Mahonia japonica (Thunb.) DC.,24.344801,121.235727
Mahonia japonica (Thunb.) DC.,24.346524,121.23099
Berberis oiwakensis (Hayata) Laferr.,24.16973,121.227756
Berberis oiwakensis (Hayata) Laferr.,24.16973,121.227756
Mahonia oiwakensis Hayata,23.814265,121.212391
Mahonia oiwakensis Hayata,23.814265,121.212391
Mahonia oiwakensis Hayata,24.121722,121.212296
Mahonia oiwakensis Hayata,24.121722,121.212296
Berberis oiwakensis (Hayata) Laferr.,24.540439,121.209133
Berberis oiwakensis (Hayata) Laferr.,24.540439,121.209133
Mahonia oiwakensis Hayata,23.976895,121.208638
Mahonia oiwakensis Hayata,23.976895,121.208638
Mahonia oiwakensis Hayata,23.978706,121.204887
Mahonia oiwakensis Hayata,23.978706,121.204887
Mahonia oiwakensis Hayata,23.978707,121.204071
Mahonia oiwakensis Hayata,23.978707,121.204071
Mahonia oiwakensis Hayata,23.979339,121.203827
Mahonia oiwakensis Hayata,23.979339,121.203827
Mahonia oiwakensis Hayata,23.978528,121.202695
Mahonia oiwakensis Hayata,23.978528,121.202695
Mahonia oiwakensis Hayata,24.113056,121.199167
Mahonia oiwakensis Hayata,24.113056,121.199167
Mahonia tikushiensis Hayata,24.100629,121.184886
Mahonia tikushiensis Hayata,24.100629,121.184886
Mahonia japonica (Thunb.) DC.,24.56,121.18
Berberis oiwakensis (Hayata) Laferr.,24.08964,121.17429
Berberis oiwakensis (Hayata) Laferr.,24.08964,121.17429
Mahonia japonica (Thunb.) DC.,24.12,121.15
Mahonia oiwakensis Hayata,24.49326,121.147775
Mahonia oiwakensis Hayata,24.49326,121.147775
Mahonia oiwakensis Hayata,23.746534,121.140004
Mahonia oiwakensis Hayata,23.746534,121.140004
Mahonia oiwakensis Hayata,24.495931,121.140003
Mahonia oiwakensis Hayata,24.495931,121.140003
Mahonia oiwakensis Hayata,24.495711,121.133658
Mahonia oiwakensis Hayata,24.495711,121.133658
Berberis oiwakensis (Hayata) Laferr.,24.506425,121.115261
Berberis oiwakensis (Hayata) Laferr.,24.506425,121.115261
Berberis oiwakensis (Hayata) Laferr.,24.506494,121.114707
Berberis oiwakensis (Hayata) Laferr.,24.506494,121.114707
Berberis oiwakensis (Hayata) Laferr.,24.506648,121.114444
Berberis oiwakensis (Hayata) Laferr.,24.506648,121.114444
Berberis oiwakensis (Hayata) Laferr.,24.503567,121.11438
Berberis oiwakensis (Hayata) Laferr.,24.503567,121.11438
Berberis oiwakensis (Hayata) Laferr.,24.505912,121.114068
Berberis oiwakensis (Hayata) Laferr.,24.505912,121.114068
Berberis oiwakensis (Hayata) Laferr.,24.506041,121.113777
Berberis oiwakensis (Hayata) Laferr.,24.506041,121.113777
Mahonia oiwakensis Hayata,24.488603,121.101022
Mahonia oiwakensis Hayata,24.488603,121.101022
Berberis oiwakensis (Hayata) Laferr.,24.555188,121.10052
Berberis oiwakensis (Hayata) Laferr.,24.555188,121.10052
Berberis oiwakensis (Hayata) Laferr.,24.34162,121.092202
Berberis oiwakensis (Hayata) Laferr.,24.34162,121.092202
Mahonia oiwakensis Hayata,24.48365,121.079599
Mahonia oiwakensis Hayata,24.48365,121.079599
Mahonia oiwakensis Hayata,24.484553,121.078791
Mahonia oiwakensis Hayata,24.484553,121.078791
Mahonia oiwakensis Hayata,24.486089,121.077884
Mahonia oiwakensis Hayata,24.486089,121.077884
Berberis oiwakensis (Hayata) Laferr.,24.552044,121.068794
Berberis oiwakensis (Hayata) Laferr.,24.552044,121.068794
Mahonia tikushiensis Hayata,24.305522,121.036325
Mahonia tikushiensis Hayata,24.305522,121.036325
Mahonia oiwakensis Hayata,24.291389,121.030833
Mahonia oiwakensis Hayata,24.291389,121.030833
Mahonia oiwakensis Hayata,24.52,121.03
Mahonia oiwakensis Hayata,24.52,121.03
Berberis oiwakensis (Hayata) Laferr.,24.132484,121.027837
Berberis oiwakensis (Hayata) Laferr.,24.132484,121.027837
Mahonia oiwakensis Hayata,24.518889,121.025556
Mahonia oiwakensis Hayata,24.518889,121.025556
Mahonia lomariifolia Takeda,24.153889,121.016667
Mahonia lomariifolia Takeda,24.153889,121.016667
Mahonia lomariifolia Takeda,24.153889,121.016667
Mahonia oiwakensis Hayata,24.414598,121.005709
Mahonia oiwakensis Hayata,24.414598,121.005709
Mahonia oiwakensis Hayata,24.264722,121.004444
Mahonia oiwakensis Hayata,24.264722,121.004444
Mahonia tikushiensis Hayata,24.00092,121.00001
Mahonia tikushiensis Hayata,24.00092,121.00001
Berberis oiwakensis (Hayata) Laferr.,24.256389,120.985278
Berberis oiwakensis (Hayata) Laferr.,24.256389,120.985278
Berberis oiwakensis (Hayata) Laferr.,24.254728,120.980217
Berberis oiwakensis (Hayata) Laferr.,24.254728,120.980217
Mahonia oiwakensis Hayata,24.564722,120.978611
Mahonia oiwakensis Hayata,24.564722,120.978611
Berberis oiwakensis (Hayata) Laferr.,24.231317,120.971563
Berberis oiwakensis (Hayata) Laferr.,24.231317,120.971563
Berberis oiwakensis (Hayata) Laferr.,23.439654,120.970626
Berberis oiwakensis (Hayata) Laferr.,23.439654,120.970626
Mahonia oiwakensis Hayata,24.8,120.962778
Mahonia oiwakensis Hayata,24.8,120.962778
Berberis oiwakensis (Hayata) Laferr.,24.276388,120.94722
Berberis oiwakensis (Hayata) Laferr.,24.276388,120.94722
Berberis oiwakensis (Hayata) Laferr.,24.276825,120.946518
Berberis oiwakensis (Hayata) Laferr.,24.276825,120.946518
Berberis oiwakensis (Hayata) Laferr.,24.242296,120.936568
Berberis oiwakensis (Hayata) Laferr.,24.242296,120.936568
Berberis oiwakensis (Hayata) Laferr.,23.251883,120.932384
Berberis oiwakensis (Hayata) Laferr.,23.251883,120.932384
Mahonia oiwakensis Hayata,23.278812,120.913842
Mahonia oiwakensis Hayata,23.278812,120.913842
Mahonia oiwakensis Hayata,23.27827,120.913481
Mahonia oiwakensis Hayata,23.27827,120.913481
Mahonia oiwakensis Hayata,23.278812,120.913461
Mahonia oiwakensis Hayata,23.278812,120.913461
Mahonia oiwakensis Hayata,23.278089,120.912406
Mahonia oiwakensis Hayata,23.278089,120.912406
Mahonia oiwakensis Hayata,23.278359,120.911614
Mahonia oiwakensis Hayata,23.278359,120.911614
Mahonia oiwakensis Hayata,23.485153,120.911016
Mahonia oiwakensis Hayata,23.485153,120.911016
Mahonia oiwakensis Hayata,23.491474,120.911012
Mahonia oiwakensis Hayata,23.491474,120.911012
Mahonia oiwakensis Hayata,23.492106,120.910826
Mahonia oiwakensis Hayata,23.492106,120.910826
Mahonia oiwakensis Hayata,23.276914,120.910031
Mahonia oiwakensis Hayata,23.276914,120.910031
Mahonia oiwakensis Hayata,23.277275,120.90962
Mahonia oiwakensis Hayata,23.277275,120.90962
Mahonia oiwakensis Hayata,23.276642,120.907998
Mahonia oiwakensis Hayata,23.276642,120.907998
Mahonia oiwakensis Hayata,23.276731,120.905779
Mahonia oiwakensis Hayata,23.276731,120.905779
Berberis oiwakensis (Hayata) Laferr.,23.278822,120.905472
Berberis oiwakensis (Hayata) Laferr.,23.278822,120.905472
Mahonia oiwakensis Hayata,23.482169,120.90441
Mahonia oiwakensis Hayata,23.482169,120.90441
Mahonia oiwakensis Hayata,23.479549,120.903041
Mahonia oiwakensis Hayata,23.479549,120.903041
Mahonia oiwakensis Hayata,23.481716,120.902854
Mahonia oiwakensis Hayata,23.481716,120.902854
Mahonia oiwakensis Hayata,24.238333,120.9025
Mahonia oiwakensis Hayata,24.238333,120.9025
Mahonia oiwakensis Hayata,23.282507,120.900741
Mahonia oiwakensis Hayata,23.282507,120.900741
Mahonia oiwakensis Hayata,23.284222,120.90027
Mahonia oiwakensis Hayata,23.284222,120.90027
Mahonia oiwakensis Hayata,23.282868,120.900242
Mahonia oiwakensis Hayata,23.282868,120.900242
Mahonia oiwakensis Hayata,23.286117,120.898069
Mahonia oiwakensis Hayata,23.286117,120.898069
Mahonia oiwakensis Hayata,23.284943,120.89764
Mahonia oiwakensis Hayata,23.284943,120.89764
Mahonia oiwakensis Hayata,23.284672,120.897298
Mahonia oiwakensis Hayata,23.284672,120.897298
Mahonia oiwakensis Hayata,23.284311,120.897064
Mahonia oiwakensis Hayata,23.284311,120.897064
Berberis oiwakensis (Hayata) Laferr.,23.600705,120.883018
Berberis oiwakensis (Hayata) Laferr.,23.600705,120.883018
Berberis oiwakensis (Hayata) Laferr.,23.598726,120.877804
Berberis oiwakensis (Hayata) Laferr.,23.598726,120.877804
Berberis oiwakensis (Hayata) Laferr.,23.626987,120.870583
Berberis oiwakensis (Hayata) Laferr.,23.626987,120.870583
Berberis oiwakensis (Hayata) Laferr.,23.547416,120.869576
Berberis oiwakensis (Hayata) Laferr.,23.547416,120.869576
Mahonia tikushiensis Hayata,23.343333,120.868611
Mahonia tikushiensis Hayata,23.343333,120.868611
Mahonia japonica (Thunb.) DC.,23.509233,120.868229
Mahonia japonica (Thunb.) DC.,23.509593,120.867092
Mahonia oiwakensis Hayata,23.455135,120.859649
Mahonia oiwakensis Hayata,23.455135,120.859649
Mahonia oiwakensis Hayata,23.454313,120.850097
Mahonia oiwakensis Hayata,23.454313,120.850097
Berberis oiwakensis (Hayata) Laferr.,23.531563,120.849787
Berberis oiwakensis (Hayata) Laferr.,23.531563,120.849787
Berberis oiwakensis (Hayata) Laferr.,23.472046,120.844116
Berberis oiwakensis (Hayata) Laferr.,23.472046,120.844116
Mahonia oiwakensis Hayata,23.039722,120.841667
Mahonia oiwakensis Hayata,23.039722,120.841667
Mahonia lomariifolia Takeda,23.466944,120.835556
Mahonia lomariifolia Takeda,23.466944,120.835556
Mahonia lomariifolia Takeda,23.466944,120.835556
Mahonia oiwakensis Hayata,22.986944,120.831667
Mahonia oiwakensis Hayata,22.986944,120.831667
Mahonia oiwakensis Hayata,23.506944,120.815833
Mahonia oiwakensis Hayata,23.506944,120.815833
Mahonia oiwakensis Hayata,23.553608,120.81573
Mahonia oiwakensis Hayata,23.553608,120.81573
Mahonia discolorifolia Ahrendt,23.110833,120.814722
Mahonia discolorifolia Ahrendt,23.110833,120.814722
Mahonia oiwakensis Hayata,23.55478,120.814495
Mahonia oiwakensis Hayata,23.55478,120.814495
Berberis oiwakensis (Hayata) Laferr.,23.519524,120.814043
Berberis oiwakensis (Hayata) Laferr.,23.519524,120.814043
Berberis oiwakensis (Hayata) Laferr.,23.519255,120.813903
Berberis oiwakensis (Hayata) Laferr.,23.519255,120.813903
Berberis oiwakensis (Hayata) Laferr.,23.519167,120.81357
Berberis oiwakensis (Hayata) Laferr.,23.519167,120.81357
Berberis oiwakensis (Hayata) Laferr.,23.520187,120.8134
Berberis oiwakensis (Hayata) Laferr.,23.520187,120.8134
Mahonia oiwakensis Hayata,23.555953,120.813229
Mahonia oiwakensis Hayata,23.555953,120.813229
Berberis oiwakensis (Hayata) Laferr.,23.513379,120.813115
Berberis oiwakensis (Hayata) Laferr.,23.513379,120.813115
Berberis oiwakensis (Hayata) Laferr.,23.513588,120.813032
Berberis oiwakensis (Hayata) Laferr.,23.513588,120.813032
Berberis oiwakensis (Hayata) Laferr.,23.513585,120.813015
Berberis oiwakensis (Hayata) Laferr.,23.513585,120.813015
Berberis oiwakensis (Hayata) Laferr.,23.513494,120.812927
Berberis oiwakensis (Hayata) Laferr.,23.513494,120.812927
Berberis oiwakensis (Hayata) Laferr.,23.501611,120.812635
Berberis oiwakensis (Hayata) Laferr.,23.501611,120.812635
Mahonia oiwakensis Hayata,23.55622,120.810623
Mahonia oiwakensis Hayata,23.55622,120.810623
Berberis oiwakensis (Hayata) Laferr.,23.519274,120.808964
Berberis oiwakensis (Hayata) Laferr.,23.519274,120.808964
Mahonia morrisonensis Takeda,23.516667,120.806111
Mahonia morrisonensis Takeda,23.516667,120.806111
Berberis oiwakensis (Hayata) Laferr.,23.501449,120.805957
Berberis oiwakensis (Hayata) Laferr.,23.501449,120.805957
Berberis oiwakensis (Hayata) Laferr.,23.511085,120.804987
Berberis oiwakensis (Hayata) Laferr.,23.511085,120.804987
Berberis oiwakensis (Hayata) Laferr.,23.510312,120.804256
Berberis oiwakensis (Hayata) Laferr.,23.510312,120.804256
Mahonia morrisonensis Takeda,23.546667,120.799722
Mahonia morrisonensis Takeda,23.546667,120.799722
Mahonia oiwakensis Hayata,23.539681,120.799109
Mahonia oiwakensis Hayata,23.539681,120.799109
Berberis fortunei Lindl.,23.677629,120.798098
Mahonia oiwakensis Hayata,23.549405,120.797714
Mahonia oiwakensis Hayata,23.549405,120.797714
Mahonia japonica (Thunb.) DC.,23.5,120.790278
Mahonia oiwakensis Hayata,23.530003,120.787166
Mahonia oiwakensis Hayata,23.530003,120.787166
Mahonia lomariifolia Takeda,23.670556,120.786389
Mahonia lomariifolia Takeda,23.670556,120.786389
Mahonia lomariifolia Takeda,23.670556,120.786389
Berberis oiwakensis (Hayata) Laferr.,23.651473,120.785956
Berberis oiwakensis (Hayata) Laferr.,23.651473,120.785956
Berberis oiwakensis (Hayata) Laferr.,23.435468,120.780968
Berberis oiwakensis (Hayata) Laferr.,23.435468,120.780968
Mahonia oiwakensis Hayata,23.5275,120.769167
Mahonia oiwakensis Hayata,23.5275,120.769167
Mahonia japonica (Thunb.) DC.,24.383333,120.766667
Mahonia oiwakensis Hayata,23.531527,120.766558
Mahonia oiwakensis Hayata,23.531527,120.766558
Mahonia oiwakensis Hayata,23.071917,120.756806
Mahonia oiwakensis Hayata,23.071917,120.756806
Berberis oiwakensis (Hayata) Laferr.,23.459844,120.756145
Berberis oiwakensis (Hayata) Laferr.,23.459844,120.756145
Mahonia morrisonensis Takeda,22.630556,120.752222
Mahonia morrisonensis Takeda,22.630556,120.752222
Mahonia japonica (Thunb.) DC.,24.433333,120.75
Mahonia tikushiensis Hayata,23.082015,120.749137
Mahonia tikushiensis Hayata,23.082015,120.749137
Berberis oiwakensis (Hayata) Laferr.,23.578338,120.748701
Berberis oiwakensis (Hayata) Laferr.,23.578338,120.748701
Mahonia oiwakensis Hayata,23.457032,120.746212
Mahonia oiwakensis Hayata,23.457032,120.746212
Mahonia japonica (Thunb.) DC.,22.61,120.74
Berberis oiwakensis (Hayata) Laferr.,23.058422,120.728478
Berberis oiwakensis (Hayata) Laferr.,23.058422,120.728478
Berberis oiwakensis (Hayata) Laferr.,23.49055,120.720162
Berberis oiwakensis (Hayata) Laferr.,23.49055,120.720162
Mahonia oiwakensis Hayata,23.49,120.71
Mahonia oiwakensis Hayata,23.49,120.71
Berberis oiwakensis (Hayata) Laferr.,23.477366,120.704112
Berberis oiwakensis (Hayata) Laferr.,23.477366,120.704112
Berberis oiwakensis (Hayata) Laferr.,23.477421,120.70407
Berberis oiwakensis (Hayata) Laferr.,23.477421,120.70407
Berberis oiwakensis (Hayata) Laferr.,23.487802,120.703787
Berberis oiwakensis (Hayata) Laferr.,23.487802,120.703787
Berberis oiwakensis (Hayata) Laferr.,23.474228,120.703542
Berberis oiwakensis (Hayata) Laferr.,23.474228,120.703542
Berberis oiwakensis (Hayata) Laferr.,23.475728,120.703347
Berberis oiwakensis (Hayata) Laferr.,23.475728,120.703347
Berberis oiwakensis (Hayata) Laferr.,23.47387,120.703083
Berberis oiwakensis (Hayata) Laferr.,23.47387,120.703083
Berberis oiwakensis (Hayata) Laferr.,23.48784,120.703049
Berberis oiwakensis (Hayata) Laferr.,23.48784,120.703049
Berberis oiwakensis (Hayata) Laferr.,23.475854,120.703004
Berberis oiwakensis (Hayata) Laferr.,23.475854,120.703004
Berberis oiwakensis (Hayata) Laferr.,23.471565,120.698808
Berberis oiwakensis (Hayata) Laferr.,23.471565,120.698808
Berberis oiwakensis (Hayata) Laferr.,23.473955,120.697923
Berberis oiwakensis (Hayata) Laferr.,23.473955,120.697923
Berberis oiwakensis (Hayata) Laferr.,23.479703,120.67572
Berberis oiwakensis (Hayata) Laferr.,23.479703,120.67572
Berberis oiwakensis (Hayata) Laferr.,23.542012,120.67357
Berberis oiwakensis (Hayata) Laferr.,23.542012,120.67357
Berberis oiwakensis (Hayata) Laferr.,23.553252,120.670445
Berberis oiwakensis (Hayata) Laferr.,23.553252,120.670445
Berberis oiwakensis (Hayata) Laferr.,23.503642,120.660247
Berberis oiwakensis (Hayata) Laferr.,23.503642,120.660247
Berberis oiwakensis (Hayata) Laferr.,23.43007,120.660162
Berberis oiwakensis (Hayata) Laferr.,23.43007,120.660162
Berberis oiwakensis (Hayata) Laferr.,23.429942,120.659762
Berberis oiwakensis (Hayata) Laferr.,23.429942,120.659762
Berberis oiwakensis (Hayata) Laferr.,23.521048,120.630774
Berberis oiwakensis (Hayata) Laferr.,23.521048,120.630774
Berberis oiwakensis (Hayata) Laferr.,23.541328,120.605788
Berberis oiwakensis (Hayata) Laferr.,23.541328,120.605788
Berberis oiwakensis (Hayata) Laferr.,23.541412,120.605675
Berberis oiwakensis (Hayata) Laferr.,23.541412,120.605675
Berberis oiwakensis (Hayata) Laferr.,23.558972,120.598725
Berberis oiwakensis (Hayata) Laferr.,23.558972,120.598725
Mahonia philippinensis Takeda,16.401337,120.587844
Berberis bealei Fortune,31.27136,120.43429
Mahonia bodinierii Gagnep.,27.643456,120.374912
Mahonia bodinierii Gagnep.,27.643456,120.374912
Mahonia oiwakensis Hayata,24.374367,120.3353
Mahonia oiwakensis Hayata,24.374367,120.3353
Mahonia fortunei (Lindl.) Fedde,30.27,120.17
Berberis fortunei Lindl.,30.221042,120.004542
Mahonia bealei (Fortune) Carri¨¨re,30.32,119.99
Mahonia bealei (Fortune) Carri¨¨re,29.57,118.87
Berberis bealei Fortune,32.059284,118.828681
Berberis bealei Fortune,32.05883,118.828532
Berberis fortunei Lindl.,32.078916,118.809295
Mahonia bealei (Fortune) Carri¨¨re,29.13,118.41
Mahonia bealei (Fortune) Carri¨¨re,29.78,118.18
Mahonia fortunei (Lindl.) Fedde,24.47,118.08
Mahonia bealei (Fortune) Carri¨¨re,29.247988,117.862004
Mahonia bealei (Fortune) Carri¨¨re,29.24,117.86
Mahonia bealei (Fortune) Carri¨¨re,24.02,117.72
Mahonia bealei (Fortune) Carri¨¨re,26.72,117.47
Mahonia bealei (Fortune) Carri¨¨re,29.534772,117.373176
Mahonia bealei (Fortune) Carri¨¨re,29.53,117.37
Mahonia bealei (Fortune) Carri¨¨re,25.959029,117.359304
Mahonia bodinierii Gagnep.,25.885558,116.027126
Mahonia bodinierii Gagnep.,25.885558,116.027126
Mahonia bealei (Fortune) Carri¨¨re,29.61015,115.998105
Mahonia bealei (Fortune) Carri¨¨re,24.95,115.65
Mahonia bodinierii Gagnep.,25.136922,115.393921
Mahonia bodinierii Gagnep.,25.136922,115.393921
Mahonia bodinierii Gagnep.,25.13,115.39
Mahonia bodinierii Gagnep.,25.13,115.39
Mahonia bealei (Fortune) Carri¨¨re,28.7,115.38
Mahonia bodinierii Gagnep.,26.337942,115.363193
Mahonia bodinierii Gagnep.,26.337942,115.363193
Mahonia bodinierii Gagnep.,26.33,115.36
Mahonia bodinierii Gagnep.,26.33,115.36
Mahonia bealei (Fortune) Carri¨¨re,29.326488,114.963105
Mahonia bealei (Fortune) Carri¨¨re,29.326488,114.963104
Mahonia conferta Takeda,29.326488,114.963104
Mahonia fortunei (Lindl.) Fedde,27.04,114.9
Mahonia fortunei (Lindl.) Fedde,24.911106,114.789812
Mahonia bealei (Fortune) Carri¨¨re,28.385228,114.780982
Mahonia fortunei (Lindl.) Fedde,28.385228,114.780982
Mahonia conferta Takeda,28.385228,114.780982
Mahonia fortunei (Lindl.) Fedde,28.38,114.78
Mahonia bodinierii Gagnep.,27.392869,114.619889
Mahonia fortunei (Lindl.) Fedde,27.392869,114.619889
Mahonia bodinierii Gagnep.,27.392869,114.619889
Mahonia bodinierii Gagnep.,24.742369,114.530131
Mahonia bodinierii Gagnep.,24.742369,114.530131
Mahonia bodinierii Gagnep.,25.79,114.53
Mahonia bealei (Fortune) Carri¨¨re,25.79,114.53
Mahonia fortunei (Lindl.) Fedde,25.79,114.53
Mahonia bodinierii Gagnep.,25.79,114.53
Mahonia bodinierii Gagnep.,26.32496,114.514242
Mahonia fortunei (Lindl.) Fedde,26.32496,114.514242
Mahonia bodinierii Gagnep.,26.32496,114.514242
Mahonia fortunei (Lindl.) Fedde,28.1,114.44
Mahonia bealei (Fortune) Carri¨¨re,29.010101,114.412629
Mahonia fortunei (Lindl.) Fedde,28.52075,114.37098
Mahonia bodinierii Gagnep.,25.395202,114.358084
Mahonia bodinierii Gagnep.,25.395202,114.358084
Mahonia fortunei (Lindl.) Fedde,25.681882,114.30827
Mahonia bealei (Fortune) Carri¨¨re,25.68,114.3
Berberis fortunei Lindl.,22.264361,114.249732
Mahonia bodinierii Gagnep.,26.945237,114.242674
Mahonia bodinierii Gagnep.,26.945237,114.242674
Berberis oiwakensis (Hayata) Laferr.,22.283386,114.148431
Berberis oiwakensis (Hayata) Laferr.,22.283386,114.148431
Mahonia bodinierii Gagnep.,26.58,114.1
Mahonia bodinierii Gagnep.,26.58,114.1
Berberis bealei Fortune,28.388246,114.08942
Mahonia bealei (Fortune) Carri¨¨re,24.399048,113.987821
Berberis oiwakensis (Hayata) Laferr.,22.25411,113.952851
Berberis oiwakensis (Hayata) Laferr.,22.25411,113.952851
Mahonia bodinierii Gagnep.,27.622868,113.854676
Mahonia bodinierii Gagnep.,27.622868,113.854676
Mahonia bodinierii Gagnep.,25.12,113.77
Mahonia bodinierii Gagnep.,25.12,113.77
Mahonia fortunei (Lindl.) Fedde,23.127041,113.341527
Mahonia bodinierii Gagnep.,25.22845,113.217309
Mahonia bealei (Fortune) Carri¨¨re,25.22845,113.217309
Mahonia bodinierii Gagnep.,25.22845,113.217309
Mahonia bealei (Fortune) Carri¨¨re,24.813781,113.184435
Mahonia bealei (Fortune) Carri¨¨re,25.39996,112.948819
Mahonia bealei (Fortune) Carri¨¨re,27.221519,112.805557
Mahonia bodinierii Gagnep.,24.466672,112.626493
Mahonia bealei (Fortune) Carri¨¨re,24.466672,112.626493
Mahonia bodinierii Gagnep.,24.466672,112.626493
Mahonia bealei (Fortune) Carri¨¨re,26.221887,111.631136
Mahonia eurybracteata Fedde,29.42,111.13
Mahonia eurybracteata Fedde,29.69,111.02
Mahonia napaulensis DC.,29.69,111.02
Mahonia bealei (Fortune) Carri¨¨re,25.897942,111.009947
Mahonia eurybracteata subsp. ganpinensis (H.L¨¦v.) T.S.Ying & Boufford,30.166667,110.9
Mahonia eurybracteata subsp. ganpinensis (H.L¨¦v.) T.S.Ying & Boufford,30.166667,110.9
Mahonia bealei (Fortune) Carri¨¨re,26.43,110.85
Mahonia bealei (Fortune) Carri¨¨re,31.33,110.78
Mahonia bealei (Fortune) Carri¨¨re,32.144677,110.712211
Mahonia bealei (Fortune) Carri¨¨re,26.72,110.63
Mahonia fortunei (Lindl.) Fedde,26.72,110.63
Mahonia bealei (Fortune) Carri¨¨re,26.00537,110.599945
Mahonia fortunei (Lindl.) Fedde,26.00537,110.599945
Mahonia bodinierii Gagnep.,25.60168,110.585686
Mahonia bealei (Fortune) Carri¨¨re,25.60168,110.585686
Mahonia fortunei (Lindl.) Fedde,25.60168,110.585686
Mahonia bodinierii Gagnep.,25.60168,110.585686
Mahonia eurybracteata Fedde,30.066667,110.583333
Mahonia bodinierii Gagnep.,25.6,110.58
Mahonia fortunei (Lindl.) Fedde,25.6,110.58
Mahonia bodinierii Gagnep.,25.6,110.58
Mahonia bealei (Fortune) Carri¨¨re,24.846283,110.451522
Mahonia fortunei (Lindl.) Fedde,25.405097,110.440546
Mahonia bodinierii Gagnep.,25.175621,110.351669
Mahonia bodinierii Gagnep.,25.175621,110.351669
Mahonia bodinierii Gagnep.,25.17,110.35
Mahonia bodinierii Gagnep.,25.17,110.35
Mahonia nitens C.K.Schneid.,25.17,110.35
Mahonia nitens C.K.Schneid.,25.17,110.35
Mahonia eurybracteata Fedde,31.04,110.34
Mahonia nitens C.K.Schneid.,22.238806,110.264143
Mahonia nitens C.K.Schneid.,22.238806,110.264143
Mahonia veitchiorum (Hemsl. & E.H.Wilson) C.K.Schneid.,29.39,110.16
Mahonia ganpinensis (H.L¨¦v.) Fedde,29.39,110.16
Mahonia bealei (Fortune) Carri¨¨re,29.39,110.16
Mahonia ganpinensis (H.L¨¦v.) Fedde,29.39,110.16
Mahonia bodinierii Gagnep.,25.255089,110.050532
Mahonia bealei (Fortune) Carri¨¨re,25.255089,110.050532
Mahonia fortunei (Lindl.) Fedde,25.255089,110.050532
Mahonia bodinierii Gagnep.,25.255089,110.050532
Mahonia bodinierii Gagnep.,25.25,110.05
Mahonia bealei (Fortune) Carri¨¨re,25.25,110.05
Mahonia bodinierii Gagnep.,25.25,110.05
Mahonia bealei (Fortune) Carri¨¨re,25.742153,110.040007
Mahonia nitens C.K.Schneid.,25.742153,110.040007
Mahonia nitens C.K.Schneid.,25.742153,110.040007
Mahonia ganpinensis (H.L¨¦v.) Fedde,29,109.85
Mahonia bealei (Fortune) Carri¨¨re,29,109.85
Mahonia ganpinensis (H.L¨¦v.) Fedde,29,109.85
Mahonia eurybracteata Fedde,30.6,109.72
Mahonia eurybracteata Fedde,28.7,109.65
Mahonia bealei (Fortune) Carri¨¨re,31.370137,109.629918
Mahonia bodinierii Gagnep.,27.94,109.6
Mahonia bodinierii Gagnep.,27.94,109.6
Mahonia bodinierii Gagnep.,28.07,109.56
Mahonia bodinierii Gagnep.,28.07,109.56
Mahonia eurybracteata Fedde,29.99,109.48
Mahonia bealei (Fortune) Carri¨¨re,29.99,109.48
Mahonia eurybracteata Fedde,30.295026,109.479425
Mahonia ganpinensis (H.L¨¦v.) Fedde,30.29,109.47
Mahonia ganpinensis (H.L¨¦v.) Fedde,30.29,109.47
Mahonia bealei (Fortune) Carri¨¨re,31.05468,109.411179
Mahonia eurybracteata Fedde,31.05,109.41
Mahonia eurybracteata Fedde,29.49,109.4
Mahonia eurybracteata subsp. ganpinensis (H.L¨¦v.) T.S.Ying & Boufford,29.49,109.4
Mahonia bealei (Fortune) Carri¨¨re,32.38,109.36
Mahonia bodinierii Gagnep.,28.15,109.2
Mahonia fargesii Takeda,28.15,109.2
Mahonia eurybracteata Fedde,28.15,109.2
Mahonia bodinierii Gagnep.,28.15,109.2
Mahonia confusa Sprague,29.67,109.15
Mahonia eurybracteata subsp. ganpinensis (H.L¨¦v.) T.S.Ying & Boufford,30.083333,109.066667
Mahonia eurybracteata subsp. ganpinensis (H.L¨¦v.) T.S.Ying & Boufford,30.083333,109.066667
Mahonia eurybracteata subsp. ganpinensis (H.L¨¦v.) T.S.Ying & Boufford,30.29,108.93
Mahonia eurybracteata subsp. ganpinensis (H.L¨¦v.) T.S.Ying & Boufford,30.29,108.93
Mahonia veitchiorum (Hemsl. & E.H.Wilson) C.K.Schneid.,27.69,108.85
Mahonia bodinierii Gagnep.,27.69,108.85
Mahonia eurybracteata Fedde,27.69,108.85
Mahonia bodinierii Gagnep.,27.69,108.85
Mahonia ganpinensis (H.L¨¦v.) Fedde,29.365795,108.687476
Mahonia ganpinensis (H.L¨¦v.) Fedde,29.365795,108.687476
Mahonia napaulensis DC.,12.1375,108.676111
Mahonia fortunei (Lindl.) Fedde,28.890891,108.658379
Mahonia morrisonensis Takeda,28.890891,108.658379
Mahonia morrisonensis Takeda,28.890891,108.658379
Mahonia napaulensis DC.,12.13333,108.65
Mahonia confusa Sprague,31.824099,108.629497
Mahonia eurybracteata Fedde,31.82,108.62
Mahonia polyodonta Fedde,27.99,108.4
Mahonia bodinierii Gagnep.,27.99,108.4
Mahonia bodinierii Gagnep.,27.99,108.4
Mahonia duclouxiana Gagnep.,25.107246,108.315175
Mahonia bealei (Fortune) Carri¨¨re,33.31,108.31
Mahonia bealei (Fortune) Carri¨¨re,33.03,108.24
Mahonia eurybracteata Fedde,29.33,108.24
Mahonia eurybracteata Fedde,23.636406,108.232005
Mahonia retinervis P.K.Hsiao & Y.S.Wang,23.636406,108.232005
Mahonia bodinierii Gagnep.,27.51,108.23
Mahonia bodinierii Gagnep.,27.51,108.23
Mahonia bealei (Fortune) Carri¨¨re,33.981028,108.20147
Mahonia bodinierii Gagnep.,27.03,108.19
Mahonia bodinierii Gagnep.,27.03,108.19
Mahonia bodinierii Gagnep.,30.023401,108.185012
Mahonia bealei (Fortune) Carri¨¨re,30.023401,108.185012
Mahonia bodinierii Gagnep.,30.023401,108.185012
Mahonia fargesii Takeda,30.02,108.18
Mahonia bodinierii Gagnep.,28.26,108.11
Mahonia eurybracteata Fedde,28.26,108.11
Mahonia bodinierii Gagnep.,28.26,108.11
Mahonia confusa Sprague,32.068138,108.0416
Mahonia bealei (Fortune) Carri¨¨re,32.06,108.04
Mahonia confusa Sprague,30.317053,107.890946
Mahonia morrisonensis Takeda,30.317053,107.890946
Mahonia morrisonensis Takeda,30.317053,107.890946
Mahonia bealei (Fortune) Carri¨¨re,34.15745,107.843975
Mahonia bealei (Fortune) Carri¨¨re,30.00641,107.79547
Mahonia bealei (Fortune) Carri¨¨re,30,107.79
Mahonia fargesii Takeda,29.35,107.61
Mahonia bealei (Fortune) Carri¨¨re,33.222857,107.545509
Mahonia nitens C.K.Schneid.,25.594607,107.543621
Mahonia nitens C.K.Schneid.,25.594607,107.543621
Mahonia bealei (Fortune) Carri¨¨re,33.22,107.54
Mahonia duclouxiana Gagnep.,25.59,107.54
Mahonia nitens C.K.Schneid.,27.748854,107.465644
Mahonia nitens C.K.Schneid.,27.748854,107.465644
Mahonia bodinierii Gagnep.,27.74,107.46
Mahonia bodinierii Gagnep.,27.74,107.46
Mahonia eurybracteata subsp. ganpinensis (H.L¨¦v.) T.S.Ying & Boufford,27.17,107.4
Mahonia duclouxiana Gagnep.,27.17,107.4
Mahonia eurybracteata subsp. ganpinensis (H.L¨¦v.) T.S.Ying & Boufford,27.17,107.4
Mahonia eurybracteata Fedde,29.685946,107.287105
Mahonia bealei (Fortune) Carri¨¨re,29.685946,107.287105
Mahonia nitens C.K.Schneid.,29.685946,107.287105
Mahonia gracilipes (Oliv.) Fedde,29.685946,107.287105
Mahonia ganpinensis (H.L¨¦v.) Fedde,29.685946,107.287105
Mahonia nitens C.K.Schneid.,29.685946,107.287105
Mahonia polyodonta Fedde,29.5367,107.2833
Mahonia eurybracteata Fedde,29.5367,107.2833
Mahonia bealei (Fortune) Carri¨¨re,33.976206,107.249372
Mahonia fortunei (Lindl.) Fedde,25.798259,107.113963
Mahonia veitchiorum (Hemsl. & E.H.Wilson) C.K.Schneid.,29.157849,107.099276
Mahonia bodinierii Gagnep.,29.157849,107.099276
Mahonia eurybracteata Fedde,29.157849,107.099276
Mahonia bodinierii Gagnep.,29.157849,107.099276
Mahonia bealei (Fortune) Carri¨¨re,24.538798,106.991322
Mahonia bealei (Fortune) Carri¨¨re,33.15355,106.67304
Mahonia retinervis P.K.Hsiao & Y.S.Wang,24.392902,106.633387
Mahonia bodinierii Gagnep.,29.805032,106.395571
Mahonia ganpinensis (H.L¨¦v.) Fedde,29.805032,106.395571
Mahonia bodinierii Gagnep.,29.805032,106.395571
Mahonia ganpinensis (H.L¨¦v.) Fedde,29.805032,106.395571
Mahonia oiwakensis Hayata,26.67,106.33
Mahonia oiwakensis Hayata,26.67,106.33
Mahonia bealei (Fortune) Carri¨¨re,32.228921,106.289903
Mahonia napaulensis DC.,28.416667,106.2
Mahonia eurybracteata subsp. ganpinensis (H.L¨¦v.) T.S.Ying & Boufford,28.32,106.2
Mahonia oiwakensis Hayata,28.32,106.2
Mahonia eurybracteata subsp. ganpinensis (H.L¨¦v.) T.S.Ying & Boufford,28.32,106.2
Mahonia oiwakensis Hayata,28.32,106.2
Mahonia duclouxiana Gagnep.,25.25,106.17
Mahonia bealei (Fortune) Carri¨¨re,33.32,106.15
Mahonia eurybracteata subsp. ganpinensis (H.L¨¦v.) T.S.Ying & Boufford,28.466667,106.133333
Mahonia eurybracteata subsp. ganpinensis (H.L¨¦v.) T.S.Ying & Boufford,28.466667,106.133333
Mahonia bodinierii Gagnep.,31.732429,105.9348
Mahonia bodinierii Gagnep.,31.732429,105.9348
Mahonia duclouxiana Gagnep.,26.24,105.93
Mahonia bealei (Fortune) Carri¨¨re,32.435432,105.843358
Mahonia napaulensis DC.,22.73333,105.83333
Mahonia confusa Sprague,28.759223,105.787182
Mahonia napaulensis DC.,17.713889,105.765
Mahonia microphylla T.S.Ying & G.R.Long,23.625319,105.630906
Mahonia flavida C.K.Schneid.,23.625319,105.630906
Mahonia bealei (Fortune) Carri¨¨re,32.287722,105.524765
Mahonia fortunei (Lindl.) Fedde,29.108817,105.47257
Mahonia nitens C.K.Schneid.,25.13,105.39
Mahonia nitens C.K.Schneid.,25.13,105.39
Mahonia fortunei (Lindl.) Fedde,24.68123,105.334672
Mahonia nitens C.K.Schneid.,24.68123,105.334672
Mahonia nitens C.K.Schneid.,24.68123,105.334672
Mahonia napaulensis DC.,22.65805,105.32638
Mahonia flavida C.K.Schneid.,24.046484,105.055261
Mahonia napaulensis DC.,23.096944,105.016667
Mahonia oiwakensis Hayata,25.75,105
Mahonia oiwakensis Hayata,25.75,105
Mahonia nitens C.K.Schneid.,25.08,104.89
Mahonia nitens C.K.Schneid.,25.08,104.89
Mahonia bealei (Fortune) Carri¨¨re,32.94,104.68
Mahonia bealei (Fortune) Carri¨¨re,23.437468,104.672252
Mahonia confusa Sprague,28.114752,104.580735
Mahonia bealei (Fortune) Carri¨¨re,32.445845,104.553645
Mahonia oiwakensis Hayata,25.7,104.46
Mahonia oiwakensis Hayata,25.7,104.46
Mahonia bealei (Fortune) Carri¨¨re,31.893892,104.43684
Mahonia cardiophylla T.S.Ying & Boufford,23.363,104.250727
Mahonia duclouxiana Gagnep.,23.363,104.250727
Mahonia fortunei (Lindl.) Fedde,29.47037,103.701217
Mahonia veitchiorum (Hemsl. & E.H.Wilson) C.K.Schneid.,28.685449,103.676251
Mahonia polyodonta Fedde,28.230591,103.636769
Mahonia napaulensis DC.,22.409444,103.606389
Mahonia bealei (Fortune) Carri¨¨re,32.637983,103.59895
Mahonia gracilipes (Oliv.) Fedde,28.262715,103.571742
Mahonia fortunei (Lindl.) Fedde,29.777332,103.517325
Mahonia ganpinensis (H.L¨¦v.) Fedde,29.496119,103.398589
Mahonia fortunei (Lindl.) Fedde,29.496119,103.398589
Mahonia gracilipes (Oliv.) Fedde,29.496119,103.398589
Mahonia ganpinensis (H.L¨¦v.) Fedde,29.496119,103.398589
Mahonia eurybracteata Fedde,29.49,103.39
Mahonia fortunei (Lindl.) Fedde,29.49,103.39
Mahonia gracilipes (Oliv.) Fedde,29.49,103.39
Mahonia oiwakensis Hayata,26.41795,103.297362
Mahonia oiwakensis Hayata,26.41795,103.297362
Mahonia longibracteata Takeda,23.714286,103.267858
Mahonia duclouxiana Gagnep.,23.714286,103.267858
Mahonia bealei (Fortune) Carri¨¨re,31.084,103.267
Mahonia polyodonta Fedde,29.73797,103.231884
Mahonia bealei (Fortune) Carri¨¨re,29.73797,103.231884
Mahonia nitens C.K.Schneid.,29.73797,103.231884
Mahonia gracilipes (Oliv.) Fedde,29.73797,103.231884
Mahonia nitens C.K.Schneid.,29.73797,103.231884
Mahonia oiwakensis Hayata,26.088547,103.176727
Mahonia oiwakensis Hayata,26.088547,103.176727
Mahonia bealei (Fortune) Carri¨¨re,29.160369,103.148639
Mahonia oiwakensis Hayata,29.160369,103.148639
Mahonia oiwakensis Hayata,29.160369,103.148639
Mahonia conferta Takeda,22.792186,103.086573
Mahonia fortunei (Lindl.) Fedde,29.980513,103.013166
Mahonia duclouxiana Gagnep.,25.275367,103.003972
Mahonia duclouxiana Gagnep.,24.706769,102.928677
Mahonia fortunei (Lindl.) Fedde,30.144125,102.928376
Mahonia duclouxiana Gagnep.,23.219942,102.835218
Mahonia fortunei (Lindl.) Fedde,30.368117,102.81464
Mahonia bealei (Fortune) Carri¨¨re,30.36,102.81
Mahonia fortunei (Lindl.) Fedde,30.066708,102.758313
Mahonia fortunei (Lindl.) Fedde,30.06,102.75
Mahonia lomariifolia var. estylis C.Y.Wu ex S.Y.Bao,25.869611,102.593465
Mahonia duclouxiana Gagnep.,25.869611,102.593465
Mahonia lomariifolia var. estylis C.Y.Wu ex S.Y.Bao,25.869611,102.593465
Mahonia oiwakensis Hayata,25.371037,102.5797
Mahonia oiwakensis Hayata,25.371037,102.5797
Mahonia mairei Takeda,24.351925,102.546204
Mahonia cardiophylla T.S.Ying & Boufford,27.376188,102.539939
Mahonia duclouxiana Gagnep.,25.532528,102.404938
Mahonia polyodonta Fedde,29.22,102.35
Mahonia bealei (Fortune) Carri¨¨re,27.897245,102.265266
Mahonia fortunei (Lindl.) Fedde,24.271311,102.239789
Mahonia longibracteata Takeda,28.9072,102.226
Mahonia longibracteata Takeda,28.9072,102.2258
Mahonia oiwakensis Hayata,26.890689,102.110335
Mahonia oiwakensis Hayata,26.890689,102.110335
Mahonia duclouxiana Gagnep.,24.25111,101.865
Mahonia duclouxiana Gagnep.,24.688873,101.641935
Mahonia lomariifolia Takeda,27.928607,101.279419
Mahonia lomariifolia Takeda,27.928607,101.279419
Mahonia lomariifolia Takeda,27.928607,101.279419
Mahonia oiwakensis Hayata,27.92,101.27
Mahonia oiwakensis Hayata,27.92,101.27
Mahonia lomariifolia Takeda,24.615701,100.709787
Mahonia lomariifolia Takeda,24.615701,100.709787
Mahonia duclouxiana var. hilaica Ahrendt,24.615701,100.709787
Mahonia lomariifolia Takeda,24.615701,100.709787
Mahonia lomariifolia Takeda,25.827253,100.575146
Mahonia lomariifolia Takeda,25.827253,100.575146
Mahonia lomariifolia Takeda,25.827253,100.575146
Mahonia duclouxiana Gagnep.,24.852294,100.567817
Mahonia lomariifolia Takeda,29.037008,100.298406
Mahonia lomariifolia Takeda,29.037008,100.298406
Mahonia lomariifolia Takeda,29.037008,100.298406
Mahonia duclouxiana Gagnep.,26.876096,100.229945
Mahonia longibracteata Takeda,25.584234,100.222124
Mahonia duclouxiana Gagnep.,25.584234,100.222124
Mahonia duclouxiana Gagnep.,26.56023,100.17643
Mahonia longibracteata Takeda,25.670153,99.958012
Mahonia napaulensis DC.,25.670153,99.958012
Mahonia napaulensis DC.,22.555882,99.932102
Mahonia duclouxiana Gagnep.,22.555882,99.932102
Mahonia duclouxiana Gagnep.,24.580446,99.92854
Mahonia napaulensis DC.,19.133333,99.75
Mahonia lomariifolia Takeda,27.82308,99.706013
Mahonia lomariifolia Takeda,27.82308,99.706013
Mahonia lomariifolia Takeda,27.82308,99.706013
Mahonia salweenensis Ahrendt,25.885664,99.371048
Mahonia lomariifolia Takeda,27.177166,99.28717
Mahonia lomariifolia Takeda,27.177166,99.28717
Mahonia lomariifolia Takeda,27.177166,99.28717
Mahonia longibracteata Takeda,25.116213,99.162598
Mahonia lomariifolia Takeda,28.48611,98.911543
Mahonia lomariifolia Takeda,28.48611,98.911543
Mahonia lomariifolia Takeda,28.48611,98.911543
Mahonia oiwakensis Hayata,25.858345,98.902949
Mahonia oiwakensis Hayata,25.858345,98.902949
Mahonia siamensis Takeda,18.81625,98.891806
Mahonia napaulensis DC.,18.81625,98.891806
Mahonia siamensis Takeda,18.81625,98.891806
Mahonia eurybracteata subsp. ganpinensis (H.L¨¦v.) T.S.Ying & Boufford,28.285278,98.864722
Mahonia eurybracteata subsp. ganpinensis (H.L¨¦v.) T.S.Ying & Boufford,28.285278,98.864722
Mahonia polyodonta Fedde,25.841921,98.857727
Mahonia napaulensis DC.,19.333333,98.833333
Mahonia lomariifolia Takeda,24.8308,98.7678
Mahonia lomariifolia Takeda,24.8308,98.7678
Mahonia lomariifolia Takeda,24.8308,98.7678
Mahonia oiwakensis Hayata,24.830833,98.767778
Mahonia oiwakensis Hayata,24.830833,98.767778
Mahonia duclouxiana Gagnep.,24.915556,98.756389
Mahonia lomariifolia Takeda,24.9486,98.7542
Mahonia lomariifolia Takeda,24.9486,98.7542
Mahonia lomariifolia Takeda,24.9486,98.7542
Mahonia oiwakensis Hayata,24.948611,98.754167
Mahonia oiwakensis Hayata,24.948611,98.754167
Mahonia lomariifolia Takeda,24.9483,98.7461
Mahonia lomariifolia Takeda,24.9483,98.7461
Mahonia lomariifolia Takeda,24.9483,98.7461
Mahonia bealei (Fortune) Carri¨¨re,24.58669,98.689166
Mahonia oiwakensis Hayata,24.58669,98.689166
Mahonia oiwakensis Hayata,24.58669,98.689166
Mahonia polyodonta Fedde,25.973333,98.6875
Mahonia taronensis Hand.-Mazz.,27.740736,98.66582
Mahonia bealei (Fortune) Carri¨¨re,27.740736,98.66582
Mahonia lomariifolia Takeda,27.740736,98.66582
Mahonia lomariifolia Takeda,27.740736,98.66582
Mahonia salweenensis Ahrendt,27.740736,98.66582
Mahonia lomariifolia Takeda,27.740736,98.66582
Mahonia napaulensis DC.,27.983889,98.661667
Mahonia taronensis Hand.-Mazz.,27.6244,98.6331
Mahonia taronensis Hand.-Mazz.,27.624444,98.633056
Mahonia polyodonta Fedde,27.765833,98.603333
Mahonia oiwakensis Hayata,29.679906,98.593111
Mahonia oiwakensis Hayata,29.679906,98.593111
Mahonia napaulensis DC.,24.433739,98.588637
Mahonia eurybracteata Fedde,27.790556,98.534722
Mahonia polyodonta Fedde,27.715,98.502222
Mahonia eurybracteata Fedde,27.715,98.502222
Mahonia polyodonta Fedde,27.715,98.5022
Mahonia longibracteata Takeda,25.020615,98.490007
Mahonia duclouxiana Gagnep.,19.416667,98.3
Mahonia polyodonta Fedde,25.543333,98.222222
Mahonia oiwakensis Hayata,28.416667,97.916667
Mahonia oiwakensis Hayata,28.416667,97.916667
Mahonia oiwakensis Hayata,24.182962,97.792107
Mahonia oiwakensis Hayata,24.182962,97.792107
Mahonia napaulensis DC.,28.66,97.46
Berberis napaulensis (DC.) Laferr.,28.25,96
Mahonia calamicaulis subsp. kingdon-wardiana (Ahrendt) T.S.Ying & Boufford,29.85,95.76
Mahonia napaulensis DC.,29.85,95.76
Mahonia duclouxiana Gagnep.,29.85,95.76
Mahonia taronensis Hand.-Mazz.,29.32,95.33
Mahonia calamicaulis subsp. kingdon-wardiana (Ahrendt) T.S.Ying & Boufford,29.32,95.33
Mahonia napaulensis DC.,29.32,95.33
Mahonia calamicaulis subsp. kingdon-wardiana (Ahrendt) T.S.Ying & Boufford,28.3389,94.6197
Mahonia napaulensis DC.,29.63,94.36
Mahonia napaulensis DC.,25.60274,94.060964
Mahonia napaulensis DC.,26.3278,93.128056
Mahonia napaulensis DC.,27.354387,90.476875
Mahonia griffithii Takeda,27.41528,90.42944
Mahonia napaulensis DC.,27.184206,90.409126
Mahonia napaulensis DC.,27.605366,90.038193
Mahonia napaulensis DC.,27.032286,89.887932
Mahonia napaulensis DC.,27.592087,89.879745
Mahonia napaulensis DC.,27.451771,89.819283
Mahonia napaulensis DC.,27.722549,89.755814
Mahonia napaulensis DC.,27.785025,89.716156
Mahonia napaulensis DC.,27.052292,89.575699
Berberis napaulensis (DC.) Laferr.,26.915367,89.527221
Berberis napaulensis (DC.) Laferr.,27.722593,88.554993
Berberis napaulensis (DC.) Laferr.,27.048335,88.268946
Berberis napaulensis (DC.) Laferr.,27.039393,88.265685
Berberis napaulensis (DC.) Laferr.,27.052896,87.91573
Berberis napaulensis (DC.) Laferr.,27.061102,87.910789
Berberis napaulensis (DC.) Laferr.,27.413072,87.752609
Berberis napaulensis (DC.) Laferr.,27.389172,87.682095
Berberis napaulensis (DC.) Laferr.,27.727587,86.713989
Berberis napaulensis (DC.) Laferr.,27.725548,86.284769
Berberis napaulensis (DC.) Laferr.,28.017467,85.516913
Berberis napaulensis (DC.) Laferr.,28.016533,85.515404
Berberis napaulensis (DC.) Laferr.,27.80614,85.43665
Berberis napaulensis (DC.) Laferr.,27.573919,85.398924
Berberis napaulensis (DC.) Laferr.,27.592588,85.387962
Berberis napaulensis (DC.) Laferr.,27.597025,85.382034
Berberis napaulensis (DC.) Laferr.,27.601563,85.365296
Berberis napaulensis (DC.) Laferr.,27.646454,85.323476
Mahonia napaulensis DC.,27.63,85.28
Berberis napaulensis (DC.) Spreng.,27.620833,85.272222
Berberis napaulensis (DC.) Laferr.,28.154404,84.776699
Berberis napaulensis (DC.) Laferr.,28.410039,84.38
Berberis napaulensis (DC.) Laferr.,28.315944,84.317388
Mahonia napaulensis DC.,28.25306,83.93861
Mahonia napaulensis DC.,28.253008,83.938548
Berberis napaulensis (DC.) Laferr.,28.457993,83.857195
Berberis napaulensis (DC.) Laferr.,28.392938,83.848474
Berberis napaulensis (DC.) Laferr.,28.37966,83.792989
Berberis napaulensis (DC.) Laferr.,28.388706,83.777641
Berberis napaulensis (DC.) Laferr.,28.367767,83.733095
Berberis napaulensis (DC.) Laferr.,28.368952,83.727972
Mahonia nepalensis DC. ex Dippel,30.446454,78.094039
Berberis nervosa Pursh,43.752105,-120.554201
Berberis nervosa Pursh,48.705966,-120.943809
Berberis nervosa Pursh,48.774105,-121.027169
Berberis nervosa Pursh,49.217,-121.068162
Berberis nervosa Pursh,49.217866,-121.068326
Berberis nervosa Pursh,48.721128,-121.145425
Berberis nervosa Pursh,48.670094,-121.246357
Berberis nervosa Pursh,46.959636,-121.266197
Berberis nervosa Pursh,48.669079,-121.270638
Berberis nervosa Pursh,49.382742,-121.313641
Berberis nervosa Pursh,49.019944,-121.399762
Berberis nervosa Pursh,49.014808,-121.403373
Berberis nervosa Pursh,48.164304,-121.429474
Berberis nervosa Pursh,48.54639,-121.454181
Berberis nervosa Pursh,48.062046,-121.495208
Berberis nervosa Pursh,46.766214,-121.556638
Berberis nervosa Pursh,45.353803,-121.568655
Berberis nervosa Pursh,36.076253,-121.594283
Berberis nervosa Pursh,46.90002,-121.600663
Berberis nervosa Pursh,48.74152,-121.609
Berberis nervosa Pursh,48.489022,-121.616233
Berberis nervosa Pursh,44.587619,-121.683067
Berberis nervosa Pursh,47.495728,-121.72686
Berberis nervosa Pursh,44.421228,-121.734008
Berberis nervosa Pursh,47.437389,-121.739747
Berberis nervosa Pursh,47.488712,-121.75508
Berberis nervosa Pursh,47.492887,-121.755487
Berberis nervosa Pursh,46.766938,-121.78534
Berberis nervosa Pursh,45.494614,-121.818725
Berberis nervosa Pursh,44.639313,-121.83889
Berberis nervosa Pursh,46.995883,-121.876603
Berberis nervosa Pursh,44.189849,-121.893535
Berberis nervosa Pursh,46.435358,-121.919627
Berberis nervosa Pursh,46.631052,-121.922814
Berberis nervosa Pursh,46.750757,-121.935757
Berberis nervosa Pursh,47.468172,-121.946139
Berberis nervosa Pursh,49.09503,-121.953882
Berberis nervosa Pursh,45.630219,-121.95393
Berberis nervosa Pursh,49.095929,-121.95495
Berberis nervosa Pursh,46.641717,-121.966931
Berberis nervosa Pursh,45.355609,-121.986821
Berberis nervosa Pursh,49.034108,-121.989795
Berberis nervosa Pursh,48.088292,-121.999345
Berberis nervosa Pursh,44.404067,-122.009878
Berberis nervosa Pursh,47.750582,-122.016126
Berberis nervosa Pursh,47.529116,-122.019395
Berberis nervosa Pursh,45.627303,-122.022025
Berberis nervosa Pursh,45.382618,-122.037595
Berberis nervosa Pursh,47.697097,-122.04993
Berberis nervosa Pursh,47.847829,-122.053599
Berberis nervosa Pursh,45.588491,-122.067712
Berberis nervosa Pursh,46.391682,-122.072588
Berberis nervosa Pursh,48.924919,-122.075256
Berberis nervosa Pursh,47.544522,-122.079212
Berberis nervosa Pursh,45.531934,-122.088408
Berberis nervosa Pursh,47.511892,-122.088897
Berberis nervosa Pursh,47.440694,-122.099494
Berberis nervosa Pursh,47.690625,-122.107404
Berberis nervosa Pursh,47.604065,-122.111977
Berberis nervosa Pursh,47.502974,-122.112038
Berberis nervosa Pursh,47.524697,-122.113739
Berberis nervosa Pursh,45.577713,-122.115014
Berberis nervosa Pursh,45.577515,-122.115262
Berberis nervosa Pursh,47.525338,-122.115364
Berberis nervosa Pursh,45.576768,-122.115915
Berberis nervosa Pursh,44.160089,-122.147917
Berberis nervosa Pursh,46.716106,-122.158669
Berberis nervosa Pursh,47.449988,-122.164903
Berberis nervosa Pursh,44.266301,-122.171401
Berberis nervosa Pursh,44.006097,-122.173255
Berberis nervosa Pursh,44.2333,-122.175
Berberis nervosa Pursh,47.605961,-122.175342
Berberis nervosa Pursh,44.23318,-122.176176
Berberis nervosa Pursh,44.253445,-122.177322
Berberis nervosa Pursh,47.565108,-122.178361
Berberis nervosa Pursh,47.594443,-122.183311
Berberis nervosa Pursh,47.655189,-122.18349
Berberis nervosa Pursh,42.384644,-122.214119
Berberis nervosa Pursh,43.248894,-122.227783
Berberis nervosa Pursh,43.2482,-122.22859
Berberis nervosa Pursh,49.067281,-122.233855
Berberis nervosa Pursh,47.552859,-122.250997
Berberis nervosa Pursh,47.551632,-122.252051
Berberis nervosa Pursh,44.210772,-122.253975
Berberis nervosa Pursh,47.470941,-122.256478
Berberis nervosa Pursh,47.470995,-122.256813
Berberis nervosa Pursh,47.471047,-122.256827
Berberis nervosa Pursh,47.727224,-122.257849
Berberis nervosa Pursh,44.206113,-122.258697
Berberis nervosa Pursh,47.733633,-122.259076
Berberis nervosa Pursh,44.20611,-122.26187
Berberis nervosa Pursh,47.735734,-122.262527
Berberis nervosa Pursh,47.091852,-122.263856
Berberis nervosa Pursh,47.161949,-122.282647
Berberis nervosa Pursh,43.706517,-122.288863
Berberis nervosa Pursh,47.669312,-122.300842
Berberis nervosa Pursh,47.675861,-122.300939
Berberis nervosa Pursh,47.672539,-122.303497
Berberis nervosa Pursh,47.612604,-122.304044
Berberis nervosa Pursh,47.663897,-122.304475
Berberis nervosa Pursh,47.671631,-122.306898
Berberis nervosa Pursh,47.660655,-122.307237
Berberis nervosa Pursh,47.672941,-122.309571
Berberis nervosa Pursh,47.672764,-122.310181
Berberis nervosa Pursh,47.179226,-122.320083
Berberis nervosa Pursh,47.829066,-122.335531
Berberis nervosa Pursh,42.907747,-122.341819
Berberis nervosa Pursh,44.39808,-122.348787
Berberis nervosa Pursh,47.715175,-122.353371
Berberis nervosa Pursh,43.29752,-122.363687
Berberis nervosa Pursh,47.710003,-122.374625
Berberis nervosa Pursh,47.71,-122.38
Berberis nervosa Pursh,49.246582,-122.386948
Berberis nervosa Pursh,43.53706,-122.391122
Berberis nervosa Pursh,43.242928,-122.391463
Berberis nervosa Pursh,45.513492,-122.394797
Berberis nervosa Pursh,45.51417,-122.395251
Berberis nervosa Pursh,45.514195,-122.395262
Berberis nervosa Pursh,45.601117,-122.400292
Berberis nervosa Pursh,47.314508,-122.413646
Berberis nervosa Pursh,43.262875,-122.421967
Berberis nervosa Pursh,48.706609,-122.422134
Berberis nervosa Pursh,47.657249,-122.42223
Berberis nervosa Pursh,48.608125,-122.43335
Berberis nervosa Pursh,49.012131,-122.460365
Berberis nervosa Pursh,49.012531,-122.463631
Berberis nervosa Pursh,48.670678,-122.468912
Berberis nervosa Pursh,48.657986,-122.473452
Berberis nervosa Pursh,48.679062,-122.475992
Berberis nervosa Pursh,48.685,-122.47898
Berberis nervosa Pursh,45.979438,-122.479287
Berberis nervosa Pursh,48.657478,-122.482497
Berberis nervosa Pursh,47.277072,-122.484352
Berberis nervosa Pursh,48.709308,-122.497842
Berberis nervosa Pursh,45.491108,-122.510215
Berberis nervosa Pursh,48.95848,-122.512811
Berberis nervosa Pursh,45.491348,-122.518867
Berberis nervosa Pursh,49.193982,-122.522889
Berberis nervosa Pursh,47.313224,-122.529866
Berberis nervosa Pursh,47.775787,-122.545156
Berberis nervosa Pursh,47.703261,-122.547058
Berberis nervosa Pursh,47.651724,-122.561104
Berberis nervosa Pursh,47.390183,-122.567677
Berberis nervosa Pursh,37.893122,-122.572583
Berberis nervosa Pursh,37.89932,-122.577958
Berberis nervosa Pursh,49.291896,-122.586473
Berberis nervosa Pursh,49.29349,-122.589232
Berberis nervosa Pursh,45.380937,-122.62613
Berberis nervosa Pursh,49.016201,-122.644714
Berberis nervosa Pursh,49.016556,-122.645332
Berberis nervosa Pursh,49.016788,-122.647255
Berberis nervosa Pursh,48.222181,-122.65212
Berberis nervosa Pursh,48.410276,-122.652666
Berberis nervosa Pursh,49.127656,-122.653763
Berberis nervosa Pursh,44.878655,-122.656496
Berberis nervosa Pursh,49.029003,-122.660469
Berberis nervosa Pursh,49.029296,-122.660684
Berberis nervosa Pursh,45.318746,-122.661639
Berberis nervosa Pursh,49.027958,-122.662086
Berberis nervosa Pursh,49.027855,-122.662155
Berberis nervosa Pursh,48.691197,-122.662178
Berberis nervosa Pursh,49.026974,-122.662643
Berberis nervosa Pursh,43.84304,-122.669003
Berberis nervosa Pursh,49.03507,-122.687603
Berberis nervosa Pursh,45.505833,-122.743294
Berberis nervosa Pursh,47.983767,-122.768718
Berberis nervosa Pursh,48.640747,-122.781067
Berberis nervosa Pursh,44.111685,-122.812755
Berberis nervosa Pursh,48.6079,-122.825613
Berberis nervosa Pursh,48.678815,-122.828041
Berberis nervosa Pursh,45.421288,-122.82958
Berberis nervosa Pursh,49.261269,-122.833115
Mahonia nervosa (Pursh) Nutt.,42.134506,-122.837243
Berberis nervosa Pursh,45.496674,-122.842234
Berberis nervosa Pursh,47.649757,-122.846035
Berberis nervosa Pursh,47.648883,-122.84613
Berberis nervosa Pursh,47.583185,-122.848263
Berberis nervosa Pursh,45.568649,-122.856319
Berberis nervosa Pursh,45.55893,-122.85952
Berberis nervosa Pursh,45.507196,-122.859533
Berberis nervosa Pursh,48.656401,-122.860915
Berberis nervosa Pursh,45.568183,-122.863384
Berberis nervosa Pursh,46.80498,-122.87068
Berberis nervosa Pursh,47.030548,-122.888573
Berberis nervosa Pursh,43.300568,-122.907127
Berberis nervosa Pursh,49.282525,-122.909487
Berberis nervosa Pursh,49.282442,-122.909521
Berberis nervosa Pursh,49.278305,-122.912972
Berberis nervosa Pursh,49.281905,-122.913319
Berberis nervosa Pursh,49.281477,-122.917023
Berberis nervosa Pursh,49.281596,-122.917106
Berberis nervosa Pursh,49.315174,-122.920219
Berberis nervosa Pursh,49.299484,-122.920219
Berberis nervosa Pursh,49.276861,-122.921692
Berberis nervosa Pursh,49.279808,-122.921771
Berberis nervosa Pursh,49.308529,-122.926956
Berberis nervosa Pursh,45.492967,-122.95095
Berberis nervosa Pursh,48.668412,-122.952842
Berberis nervosa Pursh,49.244154,-122.958425
Berberis nervosa Pursh,44.166565,-122.965117
Berberis nervosa Pursh,44.164422,-122.967803
Berberis nervosa Pursh,44.166814,-122.9724
Berberis nervosa Pursh,44.166801,-122.972511
Berberis nervosa Pursh,47.071853,-122.977163
Berberis nervosa Pursh,49.399477,-122.98147
Berberis nervosa Pursh,42.318183,-122.999145
Berberis nervosa Pursh,49.331219,-123.006081
Berberis nervosa Pursh,49.331795,-123.006424
Berberis nervosa Pursh,49.330898,-123.006653
Berberis nervosa Pursh,49.335167,-123.008652
Berberis nervosa Pursh,48.549453,-123.009519
Berberis nervosa Pursh,48.551375,-123.010156
Berberis nervosa Pursh,49.366315,-123.029297
Berberis nervosa Pursh,49.368511,-123.030243
Berberis nervosa Pursh,49.366901,-123.030434
Berberis nervosa Pursh,49.346687,-123.033097
Berberis nervosa Pursh,49.376205,-123.033463
Berberis nervosa Pursh,49.339502,-123.055072
Berberis nervosa Pursh,47.739812,-123.068542
Berberis nervosa Pursh,49.009858,-123.084417
Berberis nervosa Pursh,46.913937,-123.085873
Berberis nervosa Pursh,43.99236,-123.097918
Berberis nervosa Pursh,49.707213,-123.115303
Berberis nervosa Pursh,49.777363,-123.115448
Berberis nervosa Pursh,49.737028,-123.1251
Berberis nervosa Pursh,49.704397,-123.140105
Berberis nervosa Pursh,47.625852,-123.164734
Berberis nervosa Pursh,47.963807,-123.172478
Berberis nervosa Pursh,41.834133,-123.177887
Berberis nervosa Pursh,45.737575,-123.192513
Berberis nervosa Pursh,49.253055,-123.222572
Berberis nervosa Pursh,45.478411,-123.225417
Berberis nervosa Pursh,49.254283,-123.227448
Berberis nervosa Pursh,49.355998,-123.235933
Berberis nervosa Pursh,49.251867,-123.242739
Berberis nervosa Pursh,49.25218,-123.242936
Berberis nervosa Pursh,49.252258,-123.242939
Berberis nervosa Pursh,49.252035,-123.242991
Berberis nervosa Pursh,49.252079,-123.24307
Berberis nervosa Pursh,49.252069,-123.243075
Berberis nervosa Pursh,49.256278,-123.246413
Berberis nervosa Pursh,49.271983,-123.254967
Berberis nervosa Pursh,49.336355,-123.255859
Berberis nervosa Pursh,49.264378,-123.257594
Berberis nervosa Pursh,43.376421,-123.26577
Berberis nervosa Pursh,48.06852,-123.28312
Berberis nervosa Pursh,48.789761,-123.28346
Berberis nervosa Pursh,48.471874,-123.296234
Berberis nervosa Pursh,48.460842,-123.303213
Berberis nervosa Pursh,48.46088,-123.30323
Berberis nervosa Pursh,48.461472,-123.304345
Berberis nervosa Pursh,48.461392,-123.304437
Berberis nervosa Pursh,48.472239,-123.306155
Berberis nervosa Pursh,48.459553,-123.307717
Berberis nervosa Pursh,48.46135,-123.308761
Berberis nervosa Pursh,44.065993,-123.310507
Berberis nervosa Pursh,48.459929,-123.311164
Berberis nervosa Pursh,48.460275,-123.314509
Berberis nervosa Pursh,48.464613,-123.317078
Berberis nervosa Pursh,49.377993,-123.326787
Berberis nervosa Pursh,48.494045,-123.33393
Berberis nervosa Pursh,48.496638,-123.333992
Berberis nervosa Pursh,48.49433,-123.337722
Berberis nervosa Pursh,48.48593,-123.339713
Berberis nervosa Pursh,48.49002,-123.341278
Berberis nervosa Pursh,48.440558,-123.343117
Berberis nervosa Pursh,48.488833,-123.34327
Berberis nervosa Pursh,48.489272,-123.344155
Berberis nervosa Pursh,48.490797,-123.344591
Berberis nervosa Pursh,42.82496,-123.35101
Berberis nervosa Pursh,48.865862,-123.365
Berberis nervosa Pursh,48.77147,-123.368524
Berberis nervosa Pursh,49.37509,-123.368925
Berberis nervosa Pursh,43.611738,-123.409743
Berberis nervosa Pursh,48.747796,-123.410295
Berberis nervosa Pursh,49.351168,-123.416879
Berberis nervosa Pursh,44.652399,-123.425345
Berberis nervosa Pursh,48.584362,-123.426217
Berberis nervosa Pursh,48.063054,-123.426414
Berberis nervosa Pursh,48.683797,-123.428786
Berberis nervosa Pursh,46.171331,-123.437104
Berberis nervosa Pursh,48.568853,-123.449058
Berberis nervosa Pursh,48.614383,-123.452785
Berberis nervosa Pursh,48.560172,-123.466317
Berberis nervosa Pursh,48.431934,-123.467797
Berberis nervosa Pursh,48.432269,-123.468201
Berberis nervosa Pursh,48.431885,-123.468852
Berberis nervosa Pursh,44.20046,-123.470529
Berberis nervosa Pursh,48.472305,-123.47107
Berberis nervosa Pursh,48.435493,-123.472064
Berberis nervosa Pursh,48.4359,-123.475688
Berberis nervosa Pursh,48.436046,-123.475747
Berberis nervosa Pursh,48.433128,-123.476075
Berberis nervosa Pursh,48.433072,-123.47608
Berberis nervosa Pursh,48.43366,-123.476372
Berberis nervosa Pursh,48.436696,-123.480084
Berberis nervosa Pursh,48.549313,-123.488128
Berberis nervosa Pursh,48.549662,-123.491242
Berberis nervosa Pursh,48.548287,-123.496545
Berberis nervosa Pursh,48.549965,-123.504338
Berberis nervosa Pursh,48.549457,-123.506035
Berberis nervosa Pursh,48.547704,-123.507474
Berberis nervosa Pursh,48.54787,-123.509357
Berberis nervosa Pursh,48.547644,-123.513256
Berberis nervosa Pursh,38.758187,-123.517587
Berberis nervosa Pursh,38.758038,-123.5177
Berberis nervosa Pursh,48.387886,-123.519539
Berberis nervosa Pursh,48.525219,-123.522453
Berberis nervosa Pursh,48.569022,-123.528563
Berberis nervosa Pursh,48.510395,-123.533783
Berberis nervosa Pursh,48.509102,-123.533997
Berberis nervosa Pursh,48.50853,-123.535591
Berberis nervosa Pursh,48.508343,-123.536903
Berberis nervosa Pursh,48.503475,-123.538177
Berberis nervosa Pursh,48.4645,-123.545656
Berberis nervosa Pursh,48.46445,-123.545792
Berberis nervosa Pursh,48.446796,-123.549583
Berberis nervosa Pursh,48.460217,-123.558632
Berberis nervosa Pursh,48.461994,-123.565544
Berberis nervosa Pursh,48.462543,-123.565636
Berberis nervosa Pursh,48.46125,-123.566422
Berberis nervosa Pursh,48.461674,-123.56665
Berberis nervosa Pursh,47.415851,-123.587678
Berberis nervosa Pursh,46.999433,-123.589128
Berberis nervosa Pursh,48.361839,-123.598668
Berberis nervosa Pursh,48.041834,-123.602636
Berberis nervosa Pursh,41.794895,-123.628442
Berberis nervosa Pursh,48.318773,-123.637854
Berberis nervosa Pursh,48.989792,-123.687187
Berberis nervosa Pursh,41.818348,-123.690964
Berberis nervosa Pursh,41.815434,-123.697996
Berberis nervosa Pursh,49.124527,-123.701258
Berberis nervosa Pursh,49.445601,-123.701831
Berberis nervosa Pursh,49.078766,-123.702339
Berberis nervosa Pursh,40.900261,-123.704453
Berberis nervosa Pursh,49.077717,-123.704681
Berberis nervosa Pursh,39.275712,-123.70541
Berberis nervosa Pursh,39.27588,-123.708222
Berberis nervosa Pursh,39.27137,-123.731613
Berberis nervosa Pursh,48.643375,-123.738426
Berberis nervosa Pursh,48.648399,-123.741837
Berberis nervosa Pursh,48.655174,-123.744415
Berberis nervosa Pursh,48.917453,-123.753288
Berberis nervosa Pursh,39.276797,-123.756128
Berberis nervosa Pursh,42.96992,-123.773489
Berberis nervosa Pursh,48.055088,-123.790498
Berberis nervosa Pursh,48.052952,-123.791658
Berberis nervosa Pursh,39.364383,-123.796403
Berberis nervosa Pursh,39.331045,-123.799675
Berberis nervosa Pursh,48.057343,-123.79995
Berberis nervosa Pursh,39.374797,-123.808838
Berberis nervosa Pursh,48.774296,-123.897614
Berberis nervosa Pursh,49.193444,-123.927178
Berberis nervosa Pursh,47.994603,-123.95517
Berberis nervosa Pursh,49.146825,-123.976517
Berberis nervosa Pursh,49.148503,-123.978308
Berberis nervosa Pursh,41.4095,-124.017008
Berberis nervosa Pursh,48.8283,-124.022476
Berberis nervosa Pursh,41.37283,-124.034142
Berberis nervosa Pursh,49.162903,-124.037666
Berberis nervosa Pursh,41.392279,-124.047607
Berberis nervosa Pursh,40.869933,-124.068192
Berberis nervosa Pursh,49.24255,-124.090264
Berberis nervosa Pursh,41.696428,-124.115714
Berberis nervosa Pursh,40.159337,-124.120269
Berberis nervosa Pursh,48.818255,-124.124778
Berberis nervosa Pursh,49.154353,-124.315392
Berberis nervosa Pursh,49.816342,-124.514962
Berberis nervosa Pursh,49.881083,-124.538462
Berberis nervosa Pursh,49.309975,-124.551942
Berberis nervosa Pursh,49.519572,-124.59452
Berberis nervosa Pursh,49.520948,-124.598839
Berberis nervosa Pursh,49.291054,-124.662567
Berberis nervosa Pursh,49.291458,-124.662827
Berberis nervosa Pursh,49.291496,-124.663353
Berberis nervosa Pursh,49.291374,-124.663643
Berberis nervosa Pursh,49.291195,-124.663719
Berberis nervosa Pursh,49.290611,-124.663841
Berberis nervosa Pursh,49.290386,-124.663872
Berberis nervosa Pursh,49.290974,-124.664124
Berberis nervosa Pursh,49.29081,-124.664131
Berberis nervosa Pursh,49.290558,-124.664314
Berberis nervosa Pursh,49.290691,-124.664902
Berberis nervosa Pursh,49.263153,-124.775696
Berberis nervosa Pursh,49.75508,-124.975768
Berberis nervosa Pursh,49.670844,-125.078855
Berberis nervosa Pursh,49.201908,-125.085159
Berberis nervosa Pursh,49.20345,-125.086517
Berberis nervosa Pursh,49.201653,-125.086807
Berberis nervosa Pursh,49.849998,-125.093971
Berberis nervosa Pursh,49.850886,-125.094829
Berberis nervosa Pursh,49.84859,-125.095315
Berberis nervosa Pursh,49.851441,-125.0954
Berberis nervosa Pursh,50.099689,-125.185967
Berberis nervosa Pursh,50.128549,-125.23265
Berberis nervosa Pursh,50.040249,-125.331284
Berberis nervosa Pursh,50.043678,-125.333023
Berberis nervosa Pursh,50.043819,-125.336235
Berberis nervosa Pursh,49.331424,-125.46399
Berberis nervosa Pursh,49.569394,-125.620492
Berberis nervosa Pursh,49.854179,-125.820862
Berberis nervosa Pursh,49.840416,-125.904892
Berberis nervosa Pursh,49.840412,-125.905243
Berberis nervosa Pursh,49.839905,-125.908325
Berberis nervosa Pursh,49.839924,-125.908371
Berberis nervosa Pursh,49.867012,-126.092926
Berberis nervosa Pursh,49.866718,-126.092941
Berberis nervosa Pursh,49.86676,-126.09314
Berberis nervosa Pursh,49.866936,-126.09343
Berberis nervosa Pursh,49.866409,-126.128166
Berberis nervosa Pursh,49.867657,-126.129433
Berberis nervosa Pursh,49.867786,-126.129753
Berberis nervosa Pursh,49.867878,-126.130035
,-123.238602,
Mahonia decipiens C.K.Schneid.,,
Mahonia decipiens C.K.Schneid.,,
Mahonia decipiens C.K.Schneid.,,
Mahonia decipiens C.K.Schneid.,,
Mahonia decipiens C.K.Schneid.,,
Mahonia dolichostylis Takeda,,
Mahonia dolichostylis Takeda,,
Mahonia dolichostylis Takeda,,
Mahonia acanthifolia Wall. ex G.Don,,
Mahonia acanthifolia Wall. ex G.Don,,
Mahonia acanthifolia Wall. ex G.Don,,
Mahonia acanthifolia Wall. ex G.Don,,
Mahonia acanthifolia Wall. ex G.Don,,
Mahonia acanthifolia Wall. ex G.Don,,
Mahonia acanthifolia Wall. ex G.Don,,
Mahonia acanthifolia Wall. ex G.Don,,
Mahonia acanthifolia Wall. ex G.Don,,
Mahonia acanthifolia Wall. ex G.Don,,
Mahonia acanthifolia Wall. ex G.Don,,
Mahonia acanthifolia Wall. ex G.Don,,
Mahonia acanthifolia Wall. ex G.Don,,
Mahonia acanthifolia Wall. ex G.Don,,
